OD600,MeanCFU,MeanConc
1.173,34533.33333,128600
1.506,87266.66667,302200
1.623,141633.3333,424000
1.695,119166.6667,480000
1.775,2910000,720000
